{"cameraMode":{"drawMode":0,"name":"Shaded","section":"Shading Mode"},"sceneLighting":true,"audioPlay":false,"sceneViewState":{"showFog":false,"showMaterialUpdate":false,"showSkybox":false,"showFlares":false,"showImageEffects":false,"showParticleSystems":false},"in2DMode":false,"pivot":{"x":-5.478724956512451,"y":-0.9535698890686035,"z":-4.988996505737305},"rotation":{"x":-0.06839317083358765,"y":0.9186102747917175,"z":-0.1828666776418686,"w":-0.34356561303138735},"size":15.71076488494873,"orthographic":false}